{"R": 111.44348955207082, "G": 111.40445496948779, "B": 105.51362643494896}